{
    "$schema": "http://schema.management.azure.com/schemas/2015-01-01/deploymentTemplate.json#",
    "contentVersion": "1.0.0.0",
    "parameters": {
        "factoryName": {
            "type": "string",
            "metadata": "Data Factory name",
            "defaultValue": "adf-nyctaxi-yash"
        },
        "AzureDataLakeStorage_accountKey": {
            "type": "secureString",
            "metadata": "Secure string for 'accountKey' of 'AzureDataLakeStorage'"
        },
        "datalakestorage_accountKey": {
            "type": "secureString",
            "metadata": "Secure string for 'accountKey' of 'datalakestorage'"
        },
        "AzureDataLakeStorage_properties_typeProperties_url": {
            "type": "string",
            "defaultValue": "https://ydnyctaxistorage.dfs.core.windows.net/"
        },
        "datalakestorage_properties_typeProperties_url": {
            "type": "string",
            "defaultValue": "https://ydnyctaxistorage.dfs.core.windows.net/"
        },
        "nyc_web_properties_typeProperties_url": {
            "type": "string",
            "defaultValue": "https://d37ci6vzurychx.cloudfront.net"
        },
        "containerUri": {
            "type": "string",
            "metadata": "URI to storage account containing linked ARM templates"
        },
        "containerSasToken": {
            "type": "string",
            "metadata": "Sas token to storage account containing linked ARM templates"
        }
    },
    "variables": {
        "factoryId": "[concat('Microsoft.DataFactory/factories/', parameters('factoryName'))]"
    },
    "resources": [
        {
            "name": "adf-nyctaxi-yash_ArmTemplate_0",
            "type": "Microsoft.Resources/deployments",
            "apiVersion": "2024-03-01",
            "properties": {
                "mode": "incremental",
                "templateLink": {
                    "uri": "[concat(parameters('containerUri'), '/ArmTemplate_0.json', parameters('containerSasToken'))]",
                    "contentVersion": "1.0.0.0"
                },
                "parameters": {
                    "factoryName": {
                        "value": "[parameters('factoryName')]"
                    },
                    "AzureDataLakeStorage_accountKey": {
                        "value": "[parameters('AzureDataLakeStorage_accountKey')]"
                    },
                    "datalakestorage_accountKey": {
                        "value": "[parameters('datalakestorage_accountKey')]"
                    },
                    "AzureDataLakeStorage_properties_typeProperties_url": {
                        "value": "[parameters('AzureDataLakeStorage_properties_typeProperties_url')]"
                    },
                    "datalakestorage_properties_typeProperties_url": {
                        "value": "[parameters('datalakestorage_properties_typeProperties_url')]"
                    },
                    "nyc_web_properties_typeProperties_url": {
                        "value": "[parameters('nyc_web_properties_typeProperties_url')]"
                    }
                }
            },
            "dependsOn": []
        }
    ]
}