{
    "$schema": "https://schema.management.azure.com/schemas/2015-01-01/deploymentParameters.json#",
    "contentVersion": "1.0.0.0",
    "parameters": {
        "factoryName": {
            "value": "adf-nyctaxi-yash"
        },
        "AzureDataLakeStorage_accountKey": {
            "value": ""
        },
        "datalakestorage_accountKey": {
            "value": ""
        },
        "AzureDataLakeStorage_properties_typeProperties_url": {
            "value": "https://ydnyctaxistorage.dfs.core.windows.net/"
        },
        "datalakestorage_properties_typeProperties_url": {
            "value": "https://ydnyctaxistorage.dfs.core.windows.net/"
        },
        "nyc_web_properties_typeProperties_url": {
            "value": "https://d37ci6vzurychx.cloudfront.net"
        }
    }
}